entry_time,exit_time,entry_price,exit_price,direction,pnl,gross_pnl,commission,exit_reason,duration,mae,mfe,initial_risk,r_multiple
2025-01-04 08:07:00,2025-01-04 10:23:00,3133.045,3138.3302857142853,short,-5.285285714285237,-5.285285714285237,0.0,SL Hit,136.0,5.773999999999887,3.7470000000002983,5.285285714285237,-1.0
2025-01-04 17:26:00,2025-01-04 18:34:00,3113.025,3118.3102857142853,short,-5.285285714285237,-5.285285714285237,0.0,SL Hit,68.0,5.460000000000036,1.300000000000182,5.285285714285237,-1.0
2025-01-05 01:49:00,2025-01-05 01:55:00,3237.175,3242.4602857142854,long,5.285285714285237,5.285285714285237,0.0,TP Hit,6.0,2.8200000000001637,5.929999999999836,5.285285714285237,1.0
2025-01-05 10:38:00,2025-01-05 11:41:00,3221.905,3216.619714285715,short,5.285285714285237,5.285285714285237,0.0,TP Hit,63.0,5.0099999999997635,5.5600000000004,5.285285714285237,1.0
2025-01-05 12:25:00,2025-01-05 12:30:00,3217.565,3222.8502857142853,short,-5.285285714285237,-5.285285714285237,0.0,SL Hit,5.0,6.7599999999997635,0.75,5.285285714285237,-1.0
2025-01-07 06:20:00,2025-01-07 06:42:00,3325.598,3330.883285714285,long,5.285285714285237,5.285285714285237,0.0,TP Hit,22.0,0.8000000000001819,6.197000000000116,5.285285714285237,1.0
2025-01-08 00:00:00,2025-01-08 01:52:00,3288.598,3283.3127142857147,long,-5.285285714285237,-5.285285714285237,0.0,SL Hit,112.0,6.143000000000029,5.0,5.285285714285237,-1.0
2025-01-09 01:08:00,2025-01-09 01:43:00,3439.895,3445.180285714285,long,5.285285714285237,5.285285714285237,0.0,TP Hit,35.0,3.3470000000002074,6.8530000000000655,5.285285714285237,1.0
2025-01-09 06:59:00,2025-01-09 07:16:00,3478.885,3473.599714285715,long,-5.285285714285237,-5.285285714285237,0.0,SL Hit,17.0,5.337000000000444,1.7399999999997817,5.285285714285237,-1.0
2025-01-09 07:58:00,2025-01-09 09:22:00,3477.205,3471.9197142857147,short,5.285285714285237,5.285285714285237,0.0,TP Hit,84.0,2.450000000000273,6.0099999999997635,5.285285714285237,1.0
2025-01-10 02:54:00,2025-01-10 03:02:00,3860.635,3865.9202857142855,long,5.285285714285237,5.285285714285237,0.0,TP Hit,8.0,0.16000000000030923,5.629999999999654,5.285285714285237,1.0
2025-01-10 09:21:00,2025-01-10 11:13:00,3886.308,3881.0227142857148,long,-5.285285714285237,-5.285285714285237,0.0,SL Hit,112.0,5.630000000000109,5.027000000000044,5.285285714285237,-1.0
2025-01-12 02:30:00,2025-01-12 02:59:00,4236.635,4241.9202857142855,long,5.285285714285237,5.285285714285237,0.0,TP Hit,29.0,2.7200000000002547,6.380000000000109,5.285285714285237,1.0
2025-01-12 03:15:00,2025-01-12 03:35:00,4233.785,4239.070285714285,long,5.285285714285237,5.285285714285237,0.0,TP Hit,20.0,0.9799999999995634,5.699999999999818,5.285285714285237,1.0
2025-02-01 00:41:00,2025-02-01 01:18:00,2626.005,2631.2902857142853,long,5.285285714285237,5.285285714285237,0.0,TP Hit,37.0,2.3600000000001273,5.699999999999818,5.285285714285237,1.0
2025-02-01 11:25:00,2025-02-01 12:45:00,2640.555,2645.840285714285,long,5.285285714285237,5.285285714285237,0.0,TP Hit,80.0,0.49099999999998545,5.6030000000000655,5.285285714285237,1.0
2025-02-01 17:30:00,2025-02-01 20:27:00,2654.884,2660.1692857142853,long,5.285285714285237,5.285285714285237,0.0,TP Hit,177.0,2.536000000000058,5.471000000000004,5.285285714285237,1.0
2025-02-01 21:21:00,2025-02-01 22:00:00,2658.148,0.0,long,-2658.148,-2658.148,0.0,SL Hit,39.0,2658.148,0.38599999999996726,5.285285714285237,-502.93364326841856
2025-02-04 03:00:00,2025-02-04 04:36:00,3127.355,3122.069714285715,long,-5.285285714285237,-5.285285714285237,0.0,SL Hit,96.0,6.389999999999873,4.592999999999847,5.285285714285237,-1.0
2025-02-04 10:27:00,2025-02-04 10:41:00,3127.098,3121.8127142857147,long,-5.285285714285237,-5.285285714285237,0.0,SL Hit,14.0,7.650000000000091,0.4499999999998181,5.285285714285237,-1.0
2025-02-04 11:26:00,2025-02-04 12:06:00,3123.115,3117.8297142857145,short,5.285285714285237,5.285285714285237,0.0,TP Hit,40.0,0.6100000000001273,5.366999999999734,5.285285714285237,1.0
2025-02-05 00:55:00,2025-02-05 01:01:00,3229.035,3234.320285714285,long,5.285285714285237,5.285285714285237,0.0,TP Hit,6.0,1.9200000000000728,5.690000000000055,5.285285714285237,1.0
2025-02-05 05:01:00,2025-02-05 05:38:00,3249.975,3255.260285714285,long,5.285285714285237,5.285285714285237,0.0,TP Hit,37.0,0.7199999999997999,5.920000000000073,5.285285714285237,1.0
2025-02-05 10:14:00,2025-02-05 11:26:00,3259.475,3264.760285714285,long,5.285285714285237,5.285285714285237,0.0,TP Hit,72.0,2.5099999999997635,6.519999999999982,5.285285714285237,1.0
2025-02-05 13:28:00,2025-02-05 13:32:00,3258.275,3252.989714285715,short,5.285285714285237,5.285285714285237,0.0,TP Hit,4.0,1.1300000000001091,7.260000000000218,5.285285714285237,1.0
2025-02-05 17:19:00,2025-02-05 17:27:00,3234.165,3239.450285714285,short,-5.285285714285237,-5.285285714285237,0.0,SL Hit,8.0,5.4900000000002365,0.44000000000005457,5.285285714285237,-1.0
2025-02-06 01:36:00,2025-02-06 02:16:00,3304.755,3310.0402857142853,long,5.285285714285237,5.285285714285237,0.0,TP Hit,40.0,3.5599999999999454,5.5099999999997635,5.285285714285237,1.0
2025-02-06 09:12:00,2025-02-06 11:24:00,3347.795,3353.0802857142853,long,5.285285714285237,5.285285714285237,0.0,TP Hit,132.0,3.630000000000109,5.440000000000055,5.285285714285237,1.0
2025-02-06 12:55:00,2025-02-06 13:31:00,3355.605,3350.319714285715,long,-5.285285714285237,-5.285285714285237,0.0,SL Hit,36.0,5.679999999999836,1.893000000000029,5.285285714285237,-1.0
2025-02-06 15:26:00,2025-02-06 15:47:00,3370.345,3375.630285714285,long,5.285285714285237,5.285285714285237,0.0,TP Hit,21.0,0.09999999999990905,5.303000000000338,5.285285714285237,1.0
2025-02-07 00:00:00,2025-02-07 00:09:00,3336.728,3342.0132857142853,long,5.285285714285237,5.285285714285237,0.0,TP Hit,9.0,2.3730000000000473,6.036999999999807,5.285285714285237,1.0
2025-02-07 00:10:00,2025-02-07 00:27:00,3344.725,3339.4397142857147,long,-5.285285714285237,-5.285285714285237,0.0,SL Hit,17.0,5.726999999999862,0.03999999999996362,5.285285714285237,-1.0
2025-02-07 00:28:00,2025-02-07 01:25:00,3337.445,3332.159714285715,long,-5.285285714285237,-5.285285714285237,0.0,SL Hit,57.0,5.497000000000298,5.269999999999982,5.285285714285237,-1.0
2025-02-07 02:48:00,2025-02-07 03:22:00,3334.605,3339.8902857142853,short,-5.285285714285237,-5.285285714285237,0.0,SL Hit,34.0,5.692999999999756,0.11999999999989086,5.285285714285237,-1.0
2025-02-07 07:46:00,2025-02-07 09:17:00,3333.398,3338.6832857142854,short,-5.285285714285237,-5.285285714285237,0.0,SL Hit,91.0,5.317000000000007,0.6630000000000109,5.285285714285237,-1.0
2025-02-07 14:45:00,2025-02-07 16:17:00,3341.855,3347.1402857142853,short,-5.285285714285237,-5.285285714285237,0.0,SL Hit,92.0,6.050000000000182,3.369999999999891,5.285285714285237,-1.0
2025-02-07 20:44:00,2025-02-07 21:00:00,3355.445,0.0,long,-3355.445,-3355.445,0.0,SL Hit,16.0,3355.445,2.1799999999998363,5.285285714285237,-634.8653944915026
2025-02-09 08:46:00,2025-02-09 08:55:00,3480.915,3475.6297142857147,short,5.285285714285237,5.285285714285237,0.0,TP Hit,9.0,0.2600000000002183,5.786999999999807,5.285285714285237,1.0
2025-02-09 11:21:00,2025-02-09 11:51:00,3480.715,3486.0002857142854,long,5.285285714285237,5.285285714285237,0.0,TP Hit,30.0,2.5599999999999454,7.119999999999891,5.285285714285237,1.0
2025-02-09 12:18:00,2025-02-09 12:31:00,3482.835,3488.1202857142853,long,5.285285714285237,5.285285714285237,0.0,TP Hit,13.0,2.599999999999909,5.309999999999945,5.285285714285237,1.0
2025-02-09 18:50:00,2025-02-09 19:04:00,3525.158,3530.443285714285,long,5.285285714285237,5.285285714285237,0.0,TP Hit,14.0,0.18299999999999272,6.247000000000298,5.285285714285237,1.0
2025-02-09 19:53:00,2025-02-09 21:00:00,3533.935,0.0,long,-3533.935,-3533.935,0.0,SL Hit,67.0,3533.935,3.612999999999829,5.285285714285237,-668.6365110685254
2025-02-10 16:17:00,2025-02-10 16:28:00,3841.115,3835.8297142857145,short,5.285285714285237,5.285285714285237,0.0,TP Hit,11.0,3.380000000000109,5.539999999999964,5.285285714285237,1.0
2025-02-12 01:09:00,2025-02-12 01:13:00,4205.585,4200.299714285715,long,-5.285285714285237,-5.285285714285237,0.0,SL Hit,4.0,5.489999999999782,3.51299999999992,5.285285714285237,-1.0
2025-02-12 07:18:00,2025-02-12 07:52:00,4216.075,4210.789714285715,short,5.285285714285237,5.285285714285237,0.0,TP Hit,34.0,3.119999999999891,5.6899999999996,5.285285714285237,1.0
2025-02-12 11:29:00,2025-02-12 11:53:00,4196.765,4202.050285714286,short,-5.285285714285237,-5.285285714285237,0.0,SL Hit,24.0,5.849999999999454,2.467000000000553,5.285285714285237,-1.0
2025-02-12 16:36:00,2025-02-12 16:57:00,4186.875,4181.589714285715,short,5.285285714285237,5.285285714285237,0.0,TP Hit,21.0,3.1599999999998545,5.380000000000109,5.285285714285237,1.0
2025-02-12 17:31:00,2025-02-12 17:43:00,4195.505,4190.219714285715,short,5.285285714285237,5.285285714285237,0.0,TP Hit,12.0,0.75,5.440000000000509,5.285285714285237,1.0
2025-02-12 21:53:00,2025-02-12 22:00:00,4206.548,0.0,long,-4206.548,-4206.548,0.0,SL Hit,7.0,4206.548,0.5,5.285285714285237,-795.8979376706938
2025-03-01 00:36:00,2025-03-01 07:19:00,2660.054,2654.768714285715,long,-5.285285714285237,-5.285285714285237,0.0,SL Hit,403.0,5.400000000000091,5.130999999999858,5.285285714285237,-1.0
2025-03-01 21:41:00,2025-03-02 00:00:00,2638.775,2792.108,short,-153.33300000000008,-153.33300000000008,0.0,SL Hit,139.0,154.48299999999972,0.38000000000010914,5.285285714285237,-29.011298213371287
2025-03-02 01:11:00,2025-03-02 02:06:00,2782.825,2777.5397142857146,long,-5.285285714285237,-5.285285714285237,0.0,SL Hit,55.0,6.239999999999782,2.980000000000018,5.285285714285237,-1.0
2025-03-02 02:08:00,2025-03-02 04:09:00,2776.675,2781.9602857142854,long,5.285285714285237,5.285285714285237,0.0,TP Hit,121.0,4.789999999999964,5.643000000000029,5.285285714285237,1.0
2025-03-02 10:02:00,2025-03-02 10:52:00,2794.435,2799.720285714285,long,5.285285714285237,5.285285714285237,0.0,TP Hit,50.0,1.6700000000000728,5.510000000000218,5.285285714285237,1.0
2025-03-02 15:25:00,2025-03-02 15:27:00,2814.825,2820.110285714285,long,5.285285714285237,5.285285714285237,0.0,TP Hit,2.0,1.7899999999999636,7.440000000000055,5.285285714285237,1.0
2025-03-02 19:34:00,2025-03-02 19:59:00,2819.485,0.0,long,-2819.485,-2819.485,0.0,SL Hit,25.0,2819.485,0.24299999999993815,5.285285714285237,-533.4593345406867
2025-03-03 03:00:00,2025-03-03 03:16:00,2866.845,2861.5597142857146,long,-5.285285714285237,-5.285285714285237,0.0,SL Hit,16.0,5.489999999999782,0.3400000000001455,5.285285714285237,-1.0
2025-03-03 04:35:00,2025-03-03 07:26:00,2866.075,2860.7897142857146,short,5.285285714285237,5.285285714285237,0.0,TP Hit,171.0,2.269999999999982,5.569999999999709,5.285285714285237,1.0
2025-03-03 09:43:00,2025-03-03 10:23:00,2865.325,2870.610285714285,long,5.285285714285237,5.285285714285237,0.0,TP Hit,40.0,1.1799999999998363,5.390000000000327,5.285285714285237,1.0
2025-03-03 17:25:00,2025-03-03 19:54:00,2887.805,2882.5197142857146,long,-5.285285714285237,-5.285285714285237,0.0,SL Hit,149.0,5.669999999999618,4.943000000000211,5.285285714285237,-1.0
2025-03-04 02:35:00,2025-03-04 03:06:00,3145.445,3150.7302857142854,long,5.285285714285237,5.285285714285237,0.0,TP Hit,31.0,3.4600000000000364,6.252999999999702,5.285285714285237,1.0
2025-03-04 07:55:00,2025-03-04 09:48:00,3128.975,3123.6897142857147,short,5.285285714285237,5.285285714285237,0.0,TP Hit,113.0,2.9600000000000364,5.427000000000135,5.285285714285237,1.0
2025-03-04 13:39:00,2025-03-04 13:45:00,3085.048,3090.333285714285,short,-5.285285714285237,-5.285285714285237,0.0,SL Hit,6.0,8.11700000000019,3.799999999999727,5.285285714285237,-1.0
2025-03-04 15:12:00,2025-03-04 15:14:00,3115.295,3110.009714285715,long,-5.285285714285237,-5.285285714285237,0.0,SL Hit,2.0,5.447000000000116,1.7899999999999636,5.285285714285237,-1.0
2025-03-04 15:15:00,2025-03-04 15:28:00,3109.525,3104.239714285715,long,-5.285285714285237,-5.285285714285237,0.0,SL Hit,13.0,5.869999999999891,2.7599999999997635,5.285285714285237,-1.0
2025-03-06 02:33:00,2025-03-06 02:51:00,3368.155,3373.4402857142854,long,5.285285714285237,5.285285714285237,0.0,TP Hit,18.0,3.980000000000018,5.669999999999618,5.285285714285237,1.0
2025-03-06 18:14:00,2025-03-06 21:00:00,3350.648,0.0,long,-3350.648,-3350.648,0.0,SL Hit,166.0,3350.648,4.596999999999753,5.285285714285237,-633.957780360627
2025-03-07 00:00:00,2025-03-07 01:04:00,3348.348,3343.0627142857147,long,-5.285285714285237,-5.285285714285237,0.0,SL Hit,64.0,5.362999999999829,0.1999999999998181,5.285285714285237,-1.0
2025-03-07 01:07:00,2025-03-07 01:38:00,3341.805,3347.090285714285,long,5.285285714285237,5.285285714285237,0.0,TP Hit,31.0,0.15699999999969805,5.813000000000102,5.285285714285237,1.0
2025-03-07 02:05:00,2025-03-07 05:18:00,3348.448,3353.733285714285,short,-5.285285714285237,-5.285285714285237,0.0,SL Hit,193.0,5.447000000000116,3.199999999999818,5.285285714285237,-1.0
2025-03-07 06:42:00,2025-03-07 06:59:00,3356.505,3361.7902857142853,long,5.285285714285237,5.285285714285237,0.0,TP Hit,17.0,0.1770000000001346,5.342999999999847,5.285285714285237,1.0
2025-03-07 07:18:00,2025-03-07 09:25:00,3356.105,3350.819714285715,long,-5.285285714285237,-5.285285714285237,0.0,SL Hit,127.0,5.920000000000073,3.0599999999999454,5.285285714285237,-1.0
2025-03-07 10:40:00,2025-03-07 11:32:00,3351.665,3346.3797142857147,short,5.285285714285237,5.285285714285237,0.0,TP Hit,52.0,3.6100000000001273,5.317000000000007,5.285285714285237,1.0
2025-03-07 17:31:00,2025-03-07 21:00:00,3330.275,0.0,long,-3330.275,-3330.275,0.0,SL Hit,209.0,3330.275,0.38000000000010914,5.285285714285237,-630.1031164689598
2025-03-08 23:20:00,2025-03-08 23:50:00,3354.905,3360.1902857142854,long,5.285285714285237,5.285285714285237,0.0,TP Hit,30.0,0.0,5.5,5.285285714285237,1.0
2025-03-09 02:54:00,2025-03-09 05:55:00,3533.595,3528.3097142857146,long,-5.285285714285237,-5.285285714285237,0.0,SL Hit,181.0,7.086999999999989,4.470000000000255,5.285285714285237,-1.0
2025-03-09 12:19:00,2025-03-09 12:28:00,3541.735,3547.0202857142854,long,5.285285714285237,5.285285714285237,0.0,TP Hit,9.0,0.6300000000001091,6.210000000000036,5.285285714285237,1.0
2025-03-09 18:31:00,2025-03-09 18:36:00,3572.368,3567.0827142857147,long,-5.285285714285237,-5.285285714285237,0.0,SL Hit,5.0,5.402999999999793,0.11000000000012733,5.285285714285237,-1.0
2025-03-10 01:33:00,2025-03-10 01:39:00,3847.445,3852.7302857142854,long,5.285285714285237,5.285285714285237,0.0,TP Hit,6.0,0.05999999999994543,7.069999999999709,5.285285714285237,1.0
2025-03-10 02:35:00,2025-03-10 03:13:00,3851.115,3845.8297142857145,long,-5.285285714285237,-5.285285714285237,0.0,SL Hit,38.0,6.309999999999945,1.0400000000004184,5.285285714285237,-1.0
2025-03-10 04:27:00,2025-03-10 05:17:00,3847.395,3852.680285714285,short,-5.285285714285237,-5.285285714285237,0.0,SL Hit,50.0,5.460000000000036,4.4699999999998,5.285285714285237,-1.0
2025-03-11 04:26:00,2025-03-11 05:05:00,4002.945,3997.659714285715,long,-5.285285714285237,-5.285285714285237,0.0,SL Hit,39.0,5.466000000000349,4.460000000000036,5.285285714285237,-1.0
2025-03-12 03:11:00,2025-03-12 05:31:00,4220.835,4215.549714285715,long,-5.285285714285237,-5.285285714285237,0.0,SL Hit,140.0,5.5900000000001455,5.100000000000364,5.285285714285237,-1.0
2025-03-12 19:37:00,2025-03-12 21:57:00,4207.805,4202.519714285715,short,5.285285714285237,5.285285714285237,0.0,TP Hit,140.0,4.759999999999309,5.360000000000582,5.285285714285237,1.0
2025-04-02 00:18:00,2025-04-02 01:20:00,2812.538,2817.8232857142852,long,5.285285714285237,5.285285714285237,0.0,TP Hit,62.0,0.1430000000000291,6.027000000000044,5.285285714285237,1.0
2025-04-02 03:06:00,2025-04-02 03:41:00,2823.428,2818.1427142857146,short,5.285285714285237,5.285285714285237,0.0,TP Hit,35.0,0.5900000000001455,5.393000000000029,5.285285714285237,1.0
2025-04-02 10:07:00,2025-04-02 12:54:00,2817.225,2822.510285714285,long,5.285285714285237,5.285285714285237,0.0,TP Hit,167.0,4.839999999999691,5.5900000000001455,5.285285714285237,1.0
2025-04-02 15:39:00,2025-04-02 16:27:00,2836.685,2841.970285714285,long,5.285285714285237,5.285285714285237,0.0,TP Hit,48.0,4.279999999999745,5.610000000000127,5.285285714285237,1.0
2025-04-03 01:08:00,2025-04-03 03:18:00,2885.355,2890.6402857142853,long,5.285285714285237,5.285285714285237,0.0,TP Hit,130.0,3.70699999999988,6.2599999999997635,5.285285714285237,1.0
2025-04-03 10:04:00,2025-04-03 11:39:00,2913.755,2919.0402857142853,long,5.285285714285237,5.285285714285237,0.0,TP Hit,95.0,1.9700000000002547,5.630000000000109,5.285285714285237,1.0
2025-04-03 20:40:00,2025-04-03 22:00:00,2914.715,0.0,long,-2914.715,-2914.715,0.0,SL Hit,80.0,2914.715,3.730000000000018,5.285285714285237,-551.4772819418289
2025-04-04 02:24:00,2025-04-04 02:36:00,3107.425,3102.139714285715,long,-5.285285714285237,-5.285285714285237,0.0,SL Hit,12.0,6.557000000000244,1.2699999999999818,5.285285714285237,-1.0
2025-04-04 02:37:00,2025-04-04 02:39:00,3097.725,3092.4397142857147,long,-5.285285714285237,-5.285285714285237,0.0,SL Hit,2.0,6.777000000000044,0.7429999999999382,5.285285714285237,-1.0
2025-04-04 02:40:00,2025-04-04 02:42:00,3091.865,3097.150285714285,long,5.285285714285237,5.285285714285237,0.0,TP Hit,2.0,0.07999999999992724,5.7800000000002,5.285285714285237,1.0
2025-04-04 02:47:00,2025-04-04 03:00:00,3093.155,3098.4402857142854,long,5.285285714285237,5.285285714285237,0.0,TP Hit,13.0,0.5700000000001637,5.730000000000018,5.285285714285237,1.0
2025-04-04 03:59:00,2025-04-04 04:42:00,3098.198,3103.483285714285,short,-5.285285714285237,-5.285285714285237,0.0,SL Hit,43.0,5.400000000000091,2.519999999999982,5.285285714285237,-1.0
2025-04-04 11:40:00,2025-04-04 11:45:00,3110.995,3105.7097142857147,long,-5.285285714285237,-5.285285714285237,0.0,SL Hit,5.0,15.359999999999673,0.7699999999999818,5.285285714285237,-1.0
2025-04-06 02:34:00,2025-04-06 03:37:00,3365.745,3360.4597142857147,long,-5.285285714285237,-5.285285714285237,0.0,SL Hit,63.0,5.3969999999999345,2.1400000000003274,5.285285714285237,-1.0
2025-04-06 07:55:00,2025-04-06 08:45:00,3355.405,3360.6902857142854,long,5.285285714285237,5.285285714285237,0.0,TP Hit,50.0,4.050000000000182,6.212999999999738,5.285285714285237,1.0
2025-04-06 18:42:00,2025-04-06 20:01:00,3376.798,3371.5127142857145,long,-5.285285714285237,-5.285285714285237,0.0,SL Hit,79.0,5.599999999999909,0.25,5.285285714285237,-1.0
2025-04-07 00:00:00,2025-04-07 03:37:00,3329.848,3335.133285714285,long,5.285285714285237,5.285285714285237,0.0,TP Hit,217.0,4.233000000000175,5.856999999999971,5.285285714285237,1.0
2025-04-08 01:22:00,2025-04-08 01:57:00,3347.548,3352.833285714285,long,5.285285714285237,5.285285714285237,0.0,TP Hit,35.0,2.799999999999727,5.5,5.285285714285237,1.0
2025-04-08 04:58:00,2025-04-08 06:29:00,3358.735,3353.449714285715,long,-5.285285714285237,-5.285285714285237,0.0,SL Hit,91.0,5.440000000000055,2.01299999999992,5.285285714285237,-1.0
2025-04-08 12:30:00,2025-04-08 12:50:00,3362.155,3367.4402857142854,long,5.285285714285237,5.285285714285237,0.0,TP Hit,20.0,1.2699999999999818,5.44399999999996,5.285285714285237,1.0
2025-04-08 14:49:00,2025-04-08 21:00:00,3373.355,0.0,long,-3373.355,-3373.355,0.0,SL Hit,371.0,3373.355,4.643000000000029,5.285285714285237,-638.2540476255408
2025-04-09 01:23:00,2025-04-09 01:36:00,3552.085,3546.799714285715,long,-5.285285714285237,-5.285285714285237,0.0,SL Hit,13.0,5.75,2.380000000000109,5.285285714285237,-1.0
2025-04-09 01:37:00,2025-04-09 02:13:00,3546.165,3540.8797142857147,long,-5.285285714285237,-5.285285714285237,0.0,SL Hit,36.0,5.529999999999745,4.199999999999818,5.285285714285237,-1.0
2025-04-09 02:46:00,2025-04-09 02:50:00,3534.675,3529.389714285715,long,-5.285285714285237,-5.285285714285237,0.0,SL Hit,4.0,5.350000000000364,0.10999999999967258,5.285285714285237,-1.0
2025-04-09 02:51:00,2025-04-09 03:11:00,3530.228,3524.942714285715,long,-5.285285714285237,-5.285285714285237,0.0,SL Hit,20.0,6.619999999999891,1.819999999999709,5.285285714285237,-1.0
2025-04-09 17:26:00,2025-04-09 17:46:00,3549.285,3543.9997142857146,long,-5.285285714285237,-5.285285714285237,0.0,SL Hit,20.0,5.629999999999654,0.20000000000027285,5.285285714285237,-1.0
2025-04-11 15:39:00,2025-04-11 15:45:00,3967.005,3961.719714285715,short,5.285285714285237,5.285285714285237,0.0,TP Hit,6.0,0.9499999999998181,5.920000000000073,5.285285714285237,1.0
2025-04-12 02:00:00,2025-04-12 02:05:00,4205.385,4200.099714285715,long,-5.285285714285237,-5.285285714285237,0.0,SL Hit,5.0,5.369999999999891,0.13999999999941792,5.285285714285237,-1.0
2025-04-12 02:06:00,2025-04-12 02:10:00,4199.285,4204.570285714285,long,5.285285714285237,5.285285714285237,0.0,TP Hit,4.0,0.5299999999997453,5.350000000000364,5.285285714285237,1.0
2025-04-12 03:02:00,2025-04-12 03:04:00,4188.415,4193.700285714285,long,5.285285714285237,5.285285714285237,0.0,TP Hit,2.0,0.5,5.564000000000306,5.285285714285237,1.0
2025-04-12 14:42:00,2025-04-12 14:49:00,4196.725,4202.010285714286,long,5.285285714285237,5.285285714285237,0.0,TP Hit,7.0,3.4400000000005093,6.269999999999527,5.285285714285237,1.0
2025-05-01 23:38:00,2025-05-02 00:00:00,2641.075,2841.095,long,200.01999999999998,200.01999999999998,0.0,TP Hit,22.0,0.7300000000000182,200.73000000000002,5.285285714285237,37.84469011001233
2025-05-02 02:02:00,2025-05-02 02:10:00,2845.835,2851.1202857142853,short,-5.285285714285237,-5.285285714285237,0.0,SL Hit,8.0,5.639999999999873,0.2300000000000182,5.285285714285237,-1.0
2025-05-02 10:51:00,2025-05-02 13:33:00,2867.855,2862.569714285715,long,-5.285285714285237,-5.285285714285237,0.0,SL Hit,162.0,5.440000000000055,2.8600000000001273,5.285285714285237,-1.0
2025-05-02 16:05:00,2025-05-02 16:09:00,2873.855,2868.569714285715,long,-5.285285714285237,-5.285285714285237,0.0,SL Hit,4.0,5.900000000000091,0.13999999999987267,5.285285714285237,-1.0
2025-05-02 21:40:00,2025-05-02 22:00:00,2864.665,0.0,short,2864.665,2864.665,0.0,TP Hit,20.0,2.5300000000002,2864.665,5.285285714285237,542.0075952104714
2025-05-03 01:11:00,2025-05-03 02:18:00,2908.358,2913.6432857142854,long,5.285285714285237,5.285285714285237,0.0,TP Hit,67.0,5.123000000000047,6.0470000000000255,5.285285714285237,1.0
2025-05-03 02:29:00,2025-05-03 03:47:00,2906.848,2912.133285714285,long,5.285285714285237,5.285285714285237,0.0,TP Hit,78.0,5.0900000000001455,6.057000000000244,5.285285714285237,1.0
2025-05-03 11:40:00,2025-05-03 13:22:00,2916.329,2911.043714285715,short,5.285285714285237,5.285285714285237,0.0,TP Hit,102.0,2.7659999999996217,5.354000000000269,5.285285714285237,1.0
2025-05-03 14:34:00,2025-05-03 14:39:00,2908.548,2913.833285714285,short,-5.285285714285237,-5.285285714285237,0.0,SL Hit,5.0,6.51700000000028,0.0,5.285285714285237,-1.0
2025-05-03 17:02:00,2025-05-03 17:32:00,2922.305,2917.0197142857146,long,-5.285285714285237,-5.285285714285237,0.0,SL Hit,30.0,5.389999999999873,0.8200000000001637,5.285285714285237,-1.0
2025-05-03 21:06:00,2025-05-03 22:00:00,2919.555,0.0,long,-2919.555,-2919.555,0.0,SL Hit,54.0,2919.555,0.30999999999994543,5.285285714285237,-552.3930318674985
2025-05-05 03:12:00,2025-05-05 03:36:00,3261.225,3255.9397142857147,long,-5.285285714285237,-5.285285714285237,0.0,SL Hit,24.0,5.349999999999909,0.5300000000002001,5.285285714285237,-1.0
2025-05-05 19:57:00,2025-05-05 20:07:00,3328.185,3333.470285714285,long,5.285285714285237,5.285285714285237,0.0,TP Hit,10.0,1.150000000000091,5.360000000000127,5.285285714285237,1.0
2025-05-06 03:30:00,2025-05-06 03:57:00,3374.485,3369.199714285715,short,5.285285714285237,5.285285714285237,0.0,TP Hit,27.0,2.6900000000000546,5.539999999999964,5.285285714285237,1.0
2025-05-06 16:52:00,2025-05-06 17:05:00,3355.648,3350.362714285715,short,5.285285714285237,5.285285714285237,0.0,TP Hit,13.0,0.5270000000000437,5.648000000000138,5.285285714285237,1.0
2025-05-08 02:22:00,2025-05-08 04:09:00,3376.598,3371.3127142857147,long,-5.285285714285237,-5.285285714285237,0.0,SL Hit,107.0,5.492999999999938,1.387000000000171,5.285285714285237,-1.0
2025-05-08 16:16:00,2025-05-08 16:30:00,3383.548,3378.2627142857145,long,-5.285285714285237,-5.285285714285237,0.0,SL Hit,14.0,5.53899999999976,0.3000000000001819,5.285285714285237,-1.0
2025-05-09 02:30:00,2025-05-09 03:09:00,3548.495,3553.780285714285,long,5.285285714285237,5.285285714285237,0.0,TP Hit,39.0,2.980000000000018,5.930000000000291,5.285285714285237,1.0
2025-05-09 14:28:00,2025-05-09 14:39:00,3581.555,3576.2697142857146,long,-5.285285714285237,-5.285285714285237,0.0,SL Hit,11.0,9.159999999999854,4.940000000000055,5.285285714285237,-1.0
2025-05-09 16:40:00,2025-05-09 20:02:00,3592.918,3587.632714285715,long,-5.285285714285237,-5.285285714285237,0.0,SL Hit,202.0,6.059999999999945,4.916999999999916,5.285285714285237,-1.0
2025-05-11 05:46:00,2025-05-11 06:34:00,3965.565,3970.8502857142853,long,5.285285714285237,5.285285714285237,0.0,TP Hit,48.0,3.9169999999999163,6.289999999999964,5.285285714285237,1.0
2025-05-11 10:47:00,2025-05-11 10:53:00,3969.735,3964.449714285715,short,5.285285714285237,5.285285714285237,0.0,TP Hit,6.0,0.0,5.930000000000291,5.285285714285237,1.0
2025-05-11 11:46:00,2025-05-11 13:00:00,3965.475,3970.760285714285,short,-5.285285714285237,-5.285285714285237,0.0,SL Hit,74.0,5.420000000000073,3.5299999999997453,5.285285714285237,-1.0
2025-05-12 15:56:00,2025-05-12 16:05:00,4240.399,4235.113714285715,long,-5.285285714285237,-5.285285714285237,0.0,SL Hit,9.0,5.8640000000004875,5.125999999999294,5.285285714285237,-1.0
2025-06-01 14:52:00,2025-06-01 15:28:00,2633.528,2638.813285714285,short,-5.285285714285237,-5.285285714285237,0.0,SL Hit,36.0,6.007000000000062,4.192999999999756,5.285285714285237,-1.0
2025-06-02 08:40:00,2025-06-02 11:36:00,2857.675,2862.9602857142854,short,-5.285285714285237,-5.285285714285237,0.0,SL Hit,176.0,5.9399999999996,3.9100000000003092,5.285285714285237,-1.0
2025-06-02 13:01:00,2025-06-02 13:51:00,2863.035,2857.7497142857146,long,-5.285285714285237,-5.285285714285237,0.0,SL Hit,50.0,6.119999999999891,1.7400000000002365,5.285285714285237,-1.0
2025-06-02 15:50:00,2025-06-02 22:00:00,2852.715,0.0,short,2852.715,2852.715,0.0,TP Hit,370.0,4.480000000000018,2852.715,5.285285714285237,539.7466010758117
2025-06-03 05:31:00,2025-06-03 07:37:00,2918.055,2912.7697142857146,short,5.285285714285237,5.285285714285237,0.0,TP Hit,126.0,4.8400000000001455,6.819999999999709,5.285285714285237,1.0
2025-06-03 10:22:00,2025-06-03 10:37:00,2899.145,2904.430285714285,short,-5.285285714285237,-5.285285714285237,0.0,SL Hit,15.0,5.300000000000182,1.5399999999999636,5.285285714285237,-1.0
2025-06-03 10:38:00,2025-06-03 13:16:00,2903.048,2908.333285714285,short,-5.285285714285237,-5.285285714285237,0.0,SL Hit,158.0,6.177000000000135,4.652999999999793,5.285285714285237,-1.0
2025-06-03 15:23:00,2025-06-03 16:18:00,2910.935,2916.220285714285,long,5.285285714285237,5.285285714285237,0.0,TP Hit,55.0,2.0599999999999454,5.420000000000073,5.285285714285237,1.0
2025-06-05 02:36:00,2025-06-05 02:38:00,3364.535,3369.820285714285,long,5.285285714285237,5.285285714285237,0.0,TP Hit,2.0,0.0,6.0,5.285285714285237,1.0
2025-06-05 02:47:00,2025-06-05 03:00:00,3360.925,3355.639714285715,long,-5.285285714285237,-5.285285714285237,0.0,SL Hit,13.0,6.966000000000349,3.699999999999818,5.285285714285237,-1.0
2025-06-05 14:26:00,2025-06-05 14:33:00,3386.725,3381.4397142857147,long,-5.285285714285237,-5.285285714285237,0.0,SL Hit,7.0,5.339999999999691,2.980000000000018,5.285285714285237,-1.0
2025-06-06 00:00:00,2025-06-06 00:48:00,3363.035,3357.7497142857146,long,-5.285285714285237,-5.285285714285237,0.0,SL Hit,48.0,5.98700000000008,1.0,5.285285714285237,-1.0
2025-06-06 00:49:00,2025-06-06 01:20:00,3357.948,3363.233285714285,long,5.285285714285237,5.285285714285237,0.0,TP Hit,31.0,2.099999999999909,6.166999999999916,5.285285714285237,1.0
2025-06-06 01:25:00,2025-06-06 01:42:00,3367.098,3361.8127142857147,short,5.285285714285237,5.285285714285237,0.0,TP Hit,17.0,1.3070000000002437,5.800000000000182,5.285285714285237,1.0
2025-06-06 05:23:00,2025-06-06 05:46:00,3369.595,3364.3097142857146,long,-5.285285714285237,-5.285285714285237,0.0,SL Hit,23.0,5.7970000000000255,0.42000000000007276,5.285285714285237,-1.0
2025-06-06 15:37:00,2025-06-06 16:05:00,3335.348,3330.0627142857147,short,5.285285714285237,5.285285714285237,0.0,TP Hit,28.0,1.25,5.529999999999745,5.285285714285237,1.0
2025-06-07 23:16:00,2025-06-08 00:00:00,3329.945,3383.005,long,53.059999999999945,53.059999999999945,0.0,TP Hit,44.0,3.880000000000109,53.5029999999997,5.285285714285237,10.039192366949568
2025-06-08 01:13:00,2025-06-08 01:57:00,3378.248,3372.962714285715,long,-5.285285714285237,-5.285285714285237,0.0,SL Hit,44.0,5.300000000000182,3.099999999999909,5.285285714285237,-1.0
2025-06-08 15:36:00,2025-06-08 15:52:00,3372.778,3378.063285714285,long,5.285285714285237,5.285285714285237,0.0,TP Hit,16.0,3.0529999999998836,5.387000000000171,5.285285714285237,1.0
2025-06-08 18:45:00,2025-06-08 20:34:00,3373.025,3367.675,short,5.349999999999909,5.349999999999909,0.0,TP Hit,109.0,1.2799999999997453,5.369999999999891,5.285285714285237,1.0122442360192108
2025-06-10 20:00:00,2025-06-10 21:00:00,3958.715,0.0,long,-3958.715,-3958.715,0.0,SL Hit,60.0,3958.715,3.480000000000018,5.285285714285237,-749.0068113631511
2025-06-11 01:07:00,2025-06-11 01:20:00,3966.598,3971.883285714285,long,5.285285714285237,5.285285714285237,0.0,TP Hit,13.0,2.242999999999938,5.567000000000007,5.285285714285237,1.0
2025-06-11 10:03:00,2025-06-11 11:36:00,4008.135,4013.4202857142855,long,5.285285714285237,5.285285714285237,0.0,TP Hit,93.0,3.980000000000018,5.4699999999998,5.285285714285237,1.0
2025-07-01 00:22:00,2025-07-01 01:24:00,2633.098,2638.383285714285,long,5.285285714285237,5.285285714285237,0.0,TP Hit,62.0,0.3229999999998654,5.8270000000002256,5.285285714285237,1.0
2025-07-01 06:42:00,2025-07-01 11:53:00,2642.648,2647.9332857142854,long,5.285285714285237,5.285285714285237,0.0,TP Hit,311.0,4.7029999999999745,5.7199999999998,5.285285714285237,1.0
2025-07-01 16:19:00,2025-07-01 18:42:00,2653.048,2647.7627142857145,short,5.285285714285237,5.285285714285237,0.0,TP Hit,143.0,2.800000000000182,5.632999999999811,5.285285714285237,1.0
2025-07-02 06:26:00,2025-07-02 06:53:00,2864.285,2858.9997142857146,short,5.285285714285237,5.285285714285237,0.0,TP Hit,27.0,1.6600000000003092,5.289999999999964,5.285285714285237,1.0
2025-07-02 07:13:00,2025-07-02 09:05:00,2863.585,2868.8702857142853,short,-5.285285714285237,-5.285285714285237,0.0,SL Hit,112.0,6.663000000000011,0.6999999999998181,5.285285714285237,-1.0
2025-07-02 10:08:00,2025-07-02 13:12:00,2867.045,2861.759714285715,long,-5.285285714285237,-5.285285714285237,0.0,SL Hit,184.0,5.800000000000182,1.0499999999997272,5.285285714285237,-1.0
2025-07-02 16:02:00,2025-07-02 16:15:00,2873.805,2868.5197142857146,long,-5.285285714285237,-5.285285714285237,0.0,SL Hit,13.0,6.059999999999945,4.843000000000302,5.285285714285237,-1.0
2025-07-02 18:05:00,2025-07-03 00:00:00,2862.875,2910.058,short,-47.18299999999999,-47.18299999999999,0.0,SL Hit,355.0,47.18299999999999,4.179999999999836,5.285285714285237,-8.927237343569201
2025-07-03 19:23:00,2025-07-04 00:00:00,2908.435,2999.548,short,-91.11299999999983,-91.11299999999983,0.0,SL Hit,277.0,98.3130000000001,3.9600000000000364,5.285285714285237,-17.238992350732666
2025-07-04 02:36:00,2025-07-04 02:37:00,3031.975,3026.6897142857147,long,-5.285285714285237,-5.285285714285237,0.0,SL Hit,1.0,5.339999999999691,0.18000000000029104,5.285285714285237,-1.0
2025-07-05 10:11:00,2025-07-05 10:14:00,3381.875,3387.1602857142852,short,-5.285285714285237,-5.285285714285237,0.0,SL Hit,3.0,5.309999999999945,0.7300000000000182,5.285285714285237,-1.0
2025-07-07 00:00:00,2025-07-07 00:31:00,3326.935,3321.6497142857147,long,-5.285285714285237,-5.285285714285237,0.0,SL Hit,31.0,5.299999999999727,0.9099999999998545,5.285285714285237,-1.0
2025-07-07 00:32:00,2025-07-07 01:08:00,3322.265,3316.9797142857146,long,-5.285285714285237,-5.285285714285237,0.0,SL Hit,36.0,5.916999999999916,5.282999999999902,5.285285714285237,-1.0
2025-07-07 01:10:00,2025-07-07 01:15:00,3315.355,3310.069714285715,long,-5.285285714285237,-5.285285714285237,0.0,SL Hit,5.0,6.599999999999909,0.09000000000014552,5.285285714285237,-1.0
2025-07-07 01:16:00,2025-07-07 01:40:00,3311.565,3316.8502857142853,long,5.285285714285237,5.285285714285237,0.0,TP Hit,24.0,5.0900000000001455,6.282999999999902,5.285285714285237,1.0
2025-07-07 03:22:00,2025-07-07 04:01:00,3314.548,3309.2627142857145,short,5.285285714285237,5.285285714285237,0.0,TP Hit,39.0,0.40000000000009095,5.532999999999902,5.285285714285237,1.0
2025-07-07 18:05:00,2025-07-07 18:51:00,3329.868,3335.153285714285,long,5.285285714285237,5.285285714285237,0.0,TP Hit,46.0,1.6700000000000728,5.597000000000207,5.285285714285237,1.0
2025-07-08 06:06:00,2025-07-08 06:41:00,3377.485,3382.7702857142854,short,-5.285285714285237,-5.285285714285237,0.0,SL Hit,35.0,5.449999999999818,1.1770000000001346,5.285285714285237,-1.0
2025-07-08 08:05:00,2025-07-08 08:08:00,3386.895,3381.6097142857147,long,-5.285285714285237,-5.285285714285237,0.0,SL Hit,3.0,7.1599999999998545,0.2800000000002001,5.285285714285237,-1.0
2025-07-08 08:09:00,2025-07-08 08:20:00,3383.895,3378.6097142857147,long,-5.285285714285237,-5.285285714285237,0.0,SL Hit,11.0,9.637000000000171,2.630000000000109,5.285285714285237,-1.0
2025-07-08 11:11:00,2025-07-08 12:30:00,3377.965,3383.2502857142854,short,-5.285285714285237,-5.285285714285237,0.0,SL Hit,79.0,6.2599999999997635,3.2100000000000364,5.285285714285237,-1.0
2025-07-10 05:10:00,2025-07-10 05:12:00,3969.455,3964.1697142857147,long,-5.285285714285237,-5.285285714285237,0.0,SL Hit,2.0,9.70699999999988,0.15999999999985448,5.285285714285237,-1.0
2025-07-10 08:24:00,2025-07-10 09:14:00,3953.195,3958.4802857142854,short,-5.285285714285237,-5.285285714285237,0.0,SL Hit,50.0,6.019999999999982,2.980000000000018,5.285285714285237,-1.0
2025-07-10 13:41:00,2025-07-10 13:47:00,3971.255,3976.5402857142853,long,5.285285714285237,5.285285714285237,0.0,TP Hit,6.0,0.0,7.389999999999873,5.285285714285237,1.0
2025-07-11 02:16:00,2025-07-11 03:08:00,3995.745,3990.4597142857147,long,-5.285285714285237,-5.285285714285237,0.0,SL Hit,52.0,6.019999999999982,2.900000000000091,5.285285714285237,-1.0
2025-08-01 02:30:00,2025-08-01 06:17:00,2646.348,2651.633285714285,long,5.285285714285237,5.285285714285237,0.0,TP Hit,227.0,1.2530000000001564,5.5,5.285285714285237,1.0
2025-08-01 08:05:00,2025-08-01 13:01:00,2650.605,2655.8902857142853,long,5.285285714285237,5.285285714285237,0.0,TP Hit,296.0,4.93100000000004,5.550000000000182,5.285285714285237,1.0
2025-08-01 19:19:00,2025-08-01 22:00:00,2659.785,0.0,short,2659.785,2659.785,0.0,TP Hit,161.0,4.160000000000309,2659.785,5.285285714285237,503.24337108418734
2025-08-04 03:10:00,2025-08-04 04:35:00,2995.865,2990.5797142857145,long,-5.285285714285237,-5.285285714285237,0.0,SL Hit,85.0,5.399999999999636,4.520000000000437,5.285285714285237,-1.0
2025-08-04 18:30:00,2025-08-04 18:49:00,2990.895,2985.6097142857147,short,5.285285714285237,5.285285714285237,0.0,TP Hit,19.0,0.40000000000009095,5.349999999999909,5.285285714285237,1.0
2025-08-05 02:49:00,2025-08-05 03:10:00,3402.165,3407.450285714285,long,5.285285714285237,5.285285714285237,0.0,TP Hit,21.0,3.2100000000000364,5.849999999999909,5.285285714285237,1.0
2025-08-05 07:34:00,2025-08-05 08:13:00,3343.875,3338.5897142857148,short,5.285285714285237,5.285285714285237,0.0,TP Hit,39.0,5.210000000000036,6.130000000000109,5.285285714285237,1.0
2025-08-05 14:01:00,2025-08-05 14:05:00,3351.525,3356.8102857142853,long,5.285285714285237,5.285285714285237,0.0,TP Hit,4.0,0.41000000000030923,6.099999999999909,5.285285714285237,1.0
2025-08-05 18:00:00,2025-08-05 19:05:00,3309.265,3303.9797142857146,short,5.285285714285237,5.285285714285237,0.0,TP Hit,65.0,1.2100000000000364,7.199999999999818,5.285285714285237,1.0
2025-08-06 22:41:00,2025-08-06 23:06:00,3311.995,3317.280285714285,long,5.285285714285237,5.285285714285237,0.0,TP Hit,25.0,2.9769999999998618,5.360000000000127,5.285285714285237,1.0
2025-08-07 18:26:00,2025-08-07 21:00:00,3301.325,0.0,long,-3301.325,-3301.325,0.0,SL Hit,154.0,3301.325,5.222999999999956,5.285285714285237,-624.62564532265
2025-08-08 01:10:00,2025-08-08 02:18:00,3382.879,3388.164285714285,long,5.285285714285237,5.285285714285237,0.0,TP Hit,68.0,2.0399999999999636,5.360000000000127,5.285285714285237,1.0
2025-08-08 04:58:00,2025-08-08 06:42:00,3394.049,3388.7637142857147,long,-5.285285714285237,-5.285285714285237,0.0,SL Hit,104.0,5.304000000000087,3.706000000000131,5.285285714285237,-1.0
2025-08-08 17:02:00,2025-08-08 17:59:00,3395.215,3389.929714285715,long,-5.285285714285237,-5.285285714285237,0.0,SL Hit,57.0,20.615999999999985,4.059999999999945,5.285285714285237,-1.0
2025-08-09 15:29:00,2025-08-09 21:00:00,3636.148,0.0,long,-3636.148,-3636.148,0.0,SL Hit,331.0,3636.148,5.2599999999997635,5.285285714285237,-687.9756737033354
2025-08-10 10:28:00,2025-08-10 10:39:00,4038.915,4033.6297142857147,long,-5.285285714285237,-5.285285714285237,0.0,SL Hit,11.0,5.5900000000001455,2.0700000000001637,5.285285714285237,-1.0
2025-08-10 17:29:00,2025-08-10 17:31:00,4048.765,4043.4797142857146,long,-5.285285714285237,-5.285285714285237,0.0,SL Hit,2.0,6.0099999999997635,1.7000000000002728,5.285285714285237,-1.0
2025-08-10 23:50:00,2025-08-10 23:53:00,4003.855,4009.1402857142853,long,5.285285714285237,5.285285714285237,0.0,TP Hit,3.0,2.8299999999999272,5.5300000000002,5.285285714285237,1.0
2025-08-12 01:49:00,2025-08-12 02:36:00,4201.025,4206.310285714285,long,5.285285714285237,5.285285714285237,0.0,TP Hit,47.0,3.7999999999992724,6.5900000000001455,5.285285714285237,1.0
2025-08-12 04:57:00,2025-08-12 05:33:00,4207.475,4212.760285714286,long,5.285285714285237,5.285285714285237,0.0,TP Hit,36.0,3.0399999999999636,7.579999999999927,5.285285714285237,1.0
2025-08-12 16:23:00,2025-08-12 16:32:00,4192.345,4197.6302857142855,short,-5.285285714285237,-5.285285714285237,0.0,SL Hit,9.0,5.309999999999491,1.0200000000004366,5.285285714285237,-1.0
2025-08-12 16:34:00,2025-08-12 16:51:00,4196.015,4190.729714285715,short,5.285285714285237,5.285285714285237,0.0,TP Hit,17.0,0.75,5.75,5.285285714285237,1.0
2025-09-01 00:35:00,2025-09-01 06:47:00,2659.645,2664.930285714285,long,5.285285714285237,5.285285714285237,0.0,TP Hit,372.0,4.3400000000001455,5.880000000000109,5.285285714285237,1.0
2025-09-01 07:56:00,2025-09-01 10:39:00,2662.718,2668.003285714285,long,5.285285714285237,5.285285714285237,0.0,TP Hit,163.0,2.449999999999818,5.317000000000007,5.285285714285237,1.0
2025-09-01 13:57:00,2025-09-01 14:28:00,2672.548,2667.2627142857145,long,-5.285285714285237,-5.285285714285237,0.0,SL Hit,31.0,5.543999999999869,0.9270000000001346,5.285285714285237,-1.0
2025-09-01 18:12:00,2025-09-01 22:00:00,2667.935,0.0,short,2667.935,2667.935,0.0,TP Hit,228.0,4.389000000000124,2667.935,5.285285714285237,504.78538800447836
2025-09-04 12:24:00,2025-09-04 12:44:00,3051.575,3046.2897142857146,long,-5.285285714285237,-5.285285714285237,0.0,SL Hit,20.0,8.11999999999989,3.3100000000004,5.285285714285237,-1.0
2025-09-04 14:51:00,2025-09-04 15:15:00,3070.185,3075.470285714285,long,5.285285714285237,5.285285714285237,0.0,TP Hit,24.0,4.949999999999818,7.210000000000036,5.285285714285237,1.0
2025-09-04 17:10:00,2025-09-04 17:15:00,3084.375,3089.6602857142852,long,5.285285714285237,5.285285714285237,0.0,TP Hit,5.0,0.5050000000001091,7.150000000000091,5.285285714285237,1.0
2025-09-05 01:25:00,2025-09-05 01:34:00,3301.585,3296.299714285715,long,-5.285285714285237,-5.285285714285237,0.0,SL Hit,9.0,7.559999999999945,2.199999999999818,5.285285714285237,-1.0
2025-09-05 01:35:00,2025-09-05 01:37:00,3292.715,3287.429714285715,long,-5.285285714285237,-5.285285714285237,0.0,SL Hit,2.0,5.570000000000164,0.02999999999974534,5.285285714285237,-1.0
2025-09-05 01:38:00,2025-09-05 01:51:00,3291.935,3286.6497142857147,long,-5.285285714285237,-5.285285714285237,0.0,SL Hit,13.0,5.519999999999982,1.8200000000001637,5.285285714285237,-1.0
2025-09-05 02:10:00,2025-09-05 02:12:00,3282.145,3276.8597142857147,long,-5.285285714285237,-5.285285714285237,0.0,SL Hit,2.0,6.75,0.19000000000005457,5.285285714285237,-1.0
2025-09-05 02:13:00,2025-09-05 02:19:00,3276.425,3281.7102857142854,long,5.285285714285237,5.285285714285237,0.0,TP Hit,6.0,0.75,6.399999999999636,5.285285714285237,1.0
2025-09-05 05:32:00,2025-09-05 05:43:00,3313.135,3318.4202857142855,long,5.285285714285237,5.285285714285237,0.0,TP Hit,11.0,0.5200000000004366,5.739999999999782,5.285285714285237,1.0
2025-09-05 16:25:00,2025-09-05 19:11:00,3338.715,3333.429714285715,long,-5.285285714285237,-5.285285714285237,0.0,SL Hit,166.0,5.309999999999945,4.019999999999982,5.285285714285237,-1.0
2025-09-06 18:43:00,2025-09-06 19:41:00,3333.498,3328.212714285715,long,-5.285285714285237,-5.285285714285237,0.0,SL Hit,58.0,5.833000000000084,1.8269999999997708,5.285285714285237,-1.0
2025-09-07 00:00:00,2025-09-07 02:38:00,3303.545,3298.259714285715,long,-5.285285714285237,-5.285285714285237,0.0,SL Hit,158.0,5.610000000000127,4.179999999999836,5.285285714285237,-1.0
2025-09-07 11:22:00,2025-09-07 11:47:00,3290.245,3284.9597142857147,long,-5.285285714285237,-5.285285714285237,0.0,SL Hit,25.0,5.2970000000000255,0.01999999999998181,5.285285714285237,-1.0
2025-09-07 17:04:00,2025-09-07 19:06:00,3309.975,3315.260285714285,long,5.285285714285237,5.285285714285237,0.0,TP Hit,122.0,2.400000000000091,5.322999999999865,5.285285714285237,1.0
2025-09-09 03:00:00,2025-09-09 03:01:00,3645.598,3650.883285714285,long,5.285285714285237,5.285285714285237,0.0,TP Hit,1.0,0.3000000000001819,5.967000000000098,5.285285714285237,1.0
2025-09-09 06:03:00,2025-09-09 06:05:00,3651.398,3646.112714285715,long,-5.285285714285237,-5.285285714285237,0.0,SL Hit,2.0,9.713000000000193,0.29999999999972715,5.285285714285237,-1.0
2025-09-09 06:43:00,2025-09-09 07:18:00,3649.115,3643.8297142857145,short,5.285285714285237,5.285285714285237,0.0,TP Hit,35.0,0.5400000000004184,5.389999999999873,5.285285714285237,1.0
2025-09-09 16:14:00,2025-09-09 17:06:00,3648.898,3643.612714285715,short,5.285285714285237,5.285285714285237,0.0,TP Hit,52.0,0.29999999999972715,5.54300000000012,5.285285714285237,1.0
2025-09-10 01:04:00,2025-09-10 01:10:00,4008.825,4014.110285714285,long,5.285285714285237,5.285285714285237,0.0,TP Hit,6.0,0.6299999999996544,7.650000000000091,5.285285714285237,1.0
2025-09-10 02:02:00,2025-09-10 02:17:00,4013.518,4008.232714285715,long,-5.285285714285237,-5.285285714285237,0.0,SL Hit,15.0,11.123000000000047,3.7799999999997453,5.285285714285237,-1.0
2025-09-10 14:53:00,2025-09-10 15:00:00,4027.365,4022.0797142857145,short,5.285285714285237,5.285285714285237,0.0,TP Hit,7.0,0.75,5.75,5.285285714285237,1.0
2025-09-10 19:09:00,2025-09-10 19:14:00,3965.699,3970.9842857142853,short,-5.285285714285237,-5.285285714285237,0.0,SL Hit,5.0,8.576000000000022,1.293999999999869,5.285285714285237,-1.0
2025-09-10 19:15:00,2025-09-10 19:28:00,3971.665,3976.950285714285,short,-5.285285714285237,-5.285285714285237,0.0,SL Hit,13.0,6.230000000000018,2.2899999999999636,5.285285714285237,-1.0
2025-09-12 02:14:00,2025-09-12 03:21:00,4190.535,4195.820285714285,long,5.285285714285237,5.285285714285237,0.0,TP Hit,67.0,4.75,5.5900000000001455,5.285285714285237,1.0
2025-09-12 06:34:00,2025-09-12 07:24:00,4182.155,4176.8697142857145,short,5.285285714285237,5.285285714285237,0.0,TP Hit,50.0,3.5100000000002183,5.349999999999454,5.285285714285237,1.0
2025-09-12 17:22:00,2025-09-12 17:59:00,4207.138,4201.852714285715,long,-5.285285714285237,-5.285285714285237,0.0,SL Hit,37.0,5.662999999999556,3.4970000000002983,5.285285714285237,-1.0
2025-10-01 00:35:00,2025-10-01 05:44:00,2670.405,2675.6902857142854,long,5.285285714285237,5.285285714285237,0.0,TP Hit,309.0,1.3400000000001455,5.379999999999654,5.285285714285237,1.0
2025-10-01 07:16:00,2025-10-01 08:24:00,2674.695,2679.9802857142854,long,5.285285714285237,5.285285714285237,0.0,TP Hit,68.0,1.4100000000003092,5.489000000000033,5.285285714285237,1.0
2025-10-01 21:35:00,2025-10-02 00:00:00,2688.948,2867.198,long,178.25,178.25,0.0,TP Hit,145.0,1.4029999999997926,178.75,5.285285714285237,33.72570748979951
2025-10-02 10:30:00,2025-10-02 11:57:00,2900.305,2905.590285714285,long,5.285285714285237,5.285285714285237,0.0,TP Hit,87.0,2.3049999999998363,5.29300000000012,5.285285714285237,1.0
2025-10-02 17:56:00,2025-10-02 22:00:00,2903.435,0.0,short,2903.435,2903.435,0.0,TP Hit,244.0,4.733000000000175,2903.435,5.285285714285237,549.3430548423341
2025-10-03 01:55:00,2025-10-03 07:54:00,2911.489,2906.203714285715,long,-5.285285714285237,-5.285285714285237,0.0,SL Hit,359.0,5.923999999999978,3.7660000000000764,5.285285714285237,-1.0
2025-10-03 09:06:00,2025-10-03 09:17:00,2905.655,2910.9402857142854,short,-5.285285714285237,-5.285285714285237,0.0,SL Hit,11.0,5.579999999999927,2.1200000000003456,5.285285714285237,-1.0
2025-10-03 10:00:00,2025-10-03 10:21:00,2909.625,2904.3397142857148,long,-5.285285714285237,-5.285285714285237,0.0,SL Hit,21.0,5.360000000000127,0.42399999999997817,5.285285714285237,-1.0
2025-10-03 18:48:00,2025-10-03 19:04:00,2889.305,2884.0197142857146,short,5.285285714285237,5.285285714285237,0.0,TP Hit,16.0,0.15000000000009095,6.199999999999818,5.285285714285237,1.0
2025-10-03 19:24:00,2025-10-03 19:59:00,2889.855,2884.569714285715,short,5.285285714285237,5.285285714285237,0.0,TP Hit,35.0,1.0,5.929999999999836,5.285285714285237,1.0
2025-10-04 05:30:00,2025-10-04 05:38:00,3123.345,3118.0597142857146,long,-5.285285714285237,-5.285285714285237,0.0,SL Hit,8.0,6.359999999999673,1.7100000000000364,5.285285714285237,-1.0
2025-10-06 01:32:00,2025-10-06 02:30:00,3307.398,3302.112714285715,long,-5.285285714285237,-5.285285714285237,0.0,SL Hit,58.0,5.700000000000273,1.8999999999996362,5.285285714285237,-1.0
2025-10-06 11:53:00,2025-10-06 12:15:00,3333.748,3328.462714285715,long,-5.285285714285237,-5.285285714285237,0.0,SL Hit,22.0,5.733000000000175,1.98700000000008,5.285285714285237,-1.0
2025-10-06 14:01:00,2025-10-06 14:19:00,3338.648,3333.362714285715,long,-5.285285714285237,-5.285285714285237,0.0,SL Hit,18.0,7.653000000000247,3.106999999999971,5.285285714285237,-1.0
2025-10-06 19:57:00,2025-10-06 20:35:00,3328.018,3322.732714285715,long,-5.285285714285237,-5.285285714285237,0.0,SL Hit,38.0,5.302999999999884,0.7469999999998436,5.285285714285237,-1.0
2025-10-07 00:00:00,2025-10-07 01:16:00,3317.165,3322.450285714285,long,5.285285714285237,5.285285714285237,0.0,TP Hit,76.0,0.8000000000001819,5.333000000000084,5.285285714285237,1.0
2025-10-07 04:43:00,2025-10-07 05:10:00,3318.305,3323.590285714285,short,-5.285285714285237,-5.285285714285237,0.0,SL Hit,27.0,5.443000000000211,0.20699999999987995,5.285285714285237,-1.0
2025-10-07 17:06:00,2025-10-07 19:00:00,3316.685,3321.970285714285,short,-5.285285714285237,-5.285285714285237,0.0,SL Hit,114.0,5.980000000000018,0.4800000000000182,5.285285714285237,-1.0
2025-10-09 05:38:00,2025-10-09 06:12:00,3640.275,3645.5602857142853,long,5.285285714285237,5.285285714285237,0.0,TP Hit,34.0,0.5100000000002183,5.400000000000091,5.285285714285237,1.0
2025-10-09 11:03:00,2025-10-09 12:37:00,3651.498,3646.212714285715,long,-5.285285714285237,-5.285285714285237,0.0,SL Hit,94.0,5.6030000000000655,5.067000000000007,5.285285714285237,-1.0
2025-10-09 17:32:00,2025-10-09 19:20:00,3645.445,3640.159714285715,short,5.285285714285237,5.285285714285237,0.0,TP Hit,108.0,4.152999999999793,5.550000000000182,5.285285714285237,1.0
2025-10-10 01:21:00,2025-10-10 01:26:00,3977.045,3982.3302857142853,long,5.285285714285237,5.285285714285237,0.0,TP Hit,5.0,1.8899999999998727,5.489999999999782,5.285285714285237,1.0
2025-10-10 02:55:00,2025-10-10 03:03:00,3978.785,3973.4997142857146,long,-5.285285714285237,-5.285285714285237,0.0,SL Hit,8.0,5.399999999999636,0.9900000000002365,5.285285714285237,-1.0
2025-10-10 03:04:00,2025-10-10 03:25:00,3973.975,3968.6897142857147,long,-5.285285714285237,-5.285285714285237,0.0,SL Hit,21.0,5.967000000000098,2.3400000000001455,5.285285714285237,-1.0
2025-10-10 05:00:00,2025-10-10 05:17:00,3967.805,3973.090285714285,short,-5.285285714285237,-5.285285714285237,0.0,SL Hit,17.0,6.0,0.6399999999998727,5.285285714285237,-1.0
2025-10-11 13:47:00,2025-10-11 14:02:00,4094.035,4088.7497142857146,long,-5.285285714285237,-5.285285714285237,0.0,SL Hit,15.0,5.670000000000073,3.9000000000005457,5.285285714285237,-1.0
2025-10-11 20:15:00,2025-10-11 21:23:00,4109.065,4114.350285714285,long,5.285285714285237,5.285285714285237,0.0,TP Hit,68.0,2.639999999999418,5.3700000000008,5.285285714285237,1.0
2025-10-12 03:13:00,2025-10-12 03:52:00,4210.525,4205.239714285714,long,-5.285285714285237,-5.285285714285237,0.0,SL Hit,39.0,6.11699999999928,0.9400000000005093,5.285285714285237,-1.0
2025-10-12 05:36:00,2025-10-12 05:47:00,4207.985,4213.270285714285,short,-5.285285714285237,-5.285285714285237,0.0,SL Hit,11.0,5.8200000000006185,0.0,5.285285714285237,-1.0
2025-11-02 00:06:00,2025-11-02 00:53:00,2917.225,2922.510285714285,long,5.285285714285237,5.285285714285237,0.0,TP Hit,47.0,0.03999999999996362,6.822999999999865,5.285285714285237,1.0
2025-11-02 00:54:00,2025-11-02 01:11:00,2924.335,2929.6202857142853,long,5.285285714285237,5.285285714285237,0.0,TP Hit,17.0,5.126999999999953,5.3400000000001455,5.285285714285237,1.0
2025-11-02 02:02:00,2025-11-02 02:34:00,2937.755,2932.469714285715,short,5.285285714285237,5.285285714285237,0.0,TP Hit,32.0,4.9099999999998545,6.570000000000164,5.285285714285237,1.0
2025-11-02 03:36:00,2025-11-02 03:51:00,2924.605,2919.319714285715,short,5.285285714285237,5.285285714285237,0.0,TP Hit,15.0,0.9600000000000364,6.309999999999945,5.285285714285237,1.0
2025-11-02 05:30:00,2025-11-02 06:03:00,2920.245,2925.530285714285,short,-5.285285714285237,-5.285285714285237,0.0,SL Hit,33.0,5.809999999999945,2.7970000000000255,5.285285714285237,-1.0
2025-11-03 11:05:00,2025-11-03 13:35:00,2910.615,2915.900285714285,long,5.285285714285237,5.285285714285237,0.0,TP Hit,150.0,3.949999999999818,6.5600000000004,5.285285714285237,1.0
2025-11-06 01:53:00,2025-11-06 02:17:00,3329.098,3334.383285714285,long,5.285285714285237,5.285285714285237,0.0,TP Hit,24.0,2.26299999999992,5.907000000000153,5.285285714285237,1.0
2025-11-06 04:02:00,2025-11-06 04:13:00,3337.395,3342.680285714285,long,5.285285714285237,5.285285714285237,0.0,TP Hit,11.0,0.650000000000091,5.3400000000001455,5.285285714285237,1.0
2025-11-06 09:02:00,2025-11-06 09:07:00,3342.155,3336.869714285715,long,-5.285285714285237,-5.285285714285237,0.0,SL Hit,5.0,8.307000000000244,0.5,5.285285714285237,-1.0
2025-11-06 12:56:00,2025-11-06 13:16:00,3336.648,3341.9332857142854,long,5.285285714285237,5.285285714285237,0.0,TP Hit,20.0,5.25,6.576999999999771,5.285285714285237,1.0
2025-11-06 18:03:00,2025-11-06 18:05:00,3330.698,3335.983285714285,short,-5.285285714285237,-5.285285714285237,0.0,SL Hit,2.0,5.550000000000182,0.08300000000008367,5.285285714285237,-1.0
2025-11-06 23:54:00,2025-11-06 23:57:00,3358.548,3363.833285714285,long,5.285285714285237,5.285285714285237,0.0,TP Hit,3.0,0.09999999999990905,6.007000000000062,5.285285714285237,1.0
2025-11-07 00:00:00,2025-11-07 00:31:00,3324.765,3330.050285714285,long,5.285285714285237,5.285285714285237,0.0,TP Hit,31.0,0.569999999999709,7.923000000000229,5.285285714285237,1.0
2025-11-07 01:10:00,2025-11-07 02:16:00,3326.105,3331.3902857142853,long,5.285285714285237,5.285285714285237,0.0,TP Hit,66.0,1.20699999999988,5.75,5.285285714285237,1.0
2025-11-07 02:17:00,2025-11-07 05:23:00,3331.998,3337.2832857142853,short,-5.285285714285237,-5.285285714285237,0.0,SL Hit,186.0,5.900000000000091,2.76299999999992,5.285285714285237,-1.0
2025-11-07 06:49:00,2025-11-07 07:58:00,3335.395,3340.680285714285,long,5.285285714285237,5.285285714285237,0.0,TP Hit,69.0,4.559999999999945,5.789999999999964,5.285285714285237,1.0
2025-11-07 13:24:00,2025-11-07 13:33:00,3350.648,3355.9332857142854,long,5.285285714285237,5.285285714285237,0.0,TP Hit,9.0,0.8500000000003638,6.320999999999913,5.285285714285237,1.0
2025-11-07 15:38:00,2025-11-07 16:16:00,3359.849,3354.563714285715,long,-5.285285714285237,-5.285285714285237,0.0,SL Hit,38.0,5.301000000000386,3.0899999999996908,5.285285714285237,-1.0
2025-11-07 18:02:00,2025-11-08 00:00:00,3354.255,3391.275,short,-37.01999999999998,-37.01999999999998,0.0,SL Hit,358.0,37.15000000000009,0.9400000000000546,5.285285714285237,-7.00435170419286
2025-11-08 01:00:00,2025-11-08 01:07:00,3378.998,3373.712714285715,long,-5.285285714285237,-5.285285714285237,0.0,SL Hit,7.0,5.700000000000273,4.699999999999818,5.285285714285237,-1.0
2025-11-08 01:08:00,2025-11-08 01:49:00,3370.998,3376.2832857142853,long,5.285285714285237,5.285285714285237,0.0,TP Hit,41.0,3.79300000000012,6.197000000000116,5.285285714285237,1.0
2025-11-08 09:27:00,2025-11-08 09:42:00,3362.615,3357.3297142857145,short,5.285285714285237,5.285285714285237,0.0,TP Hit,15.0,0.9240000000004329,5.666999999999916,5.285285714285237,1.0
2025-11-08 15:30:00,2025-11-08 16:07:00,3350.565,3345.279714285715,short,5.285285714285237,5.285285714285237,0.0,TP Hit,37.0,1.5299999999997453,5.380000000000109,5.285285714285237,1.0
2025-11-08 17:31:00,2025-11-08 17:32:00,3346.745,3341.4597142857147,short,5.285285714285237,5.285285714285237,0.0,TP Hit,1.0,0.7600000000002183,5.936999999999898,5.285285714285237,1.0
2025-11-08 19:20:00,2025-11-08 20:44:00,3351.735,3346.449714285715,long,-5.285285714285237,-5.285285714285237,0.0,SL Hit,84.0,5.289999999999964,2.3799999999996544,5.285285714285237,-1.0
2025-11-09 02:24:00,2025-11-09 03:09:00,3638.695,3633.409714285715,long,-5.285285714285237,-5.285285714285237,0.0,SL Hit,45.0,6.789999999999964,0.08999999999969077,5.285285714285237,-1.0
2025-11-09 19:06:00,2025-11-09 21:00:00,3634.615,0.0,short,3634.615,3634.615,0.0,TP Hit,114.0,2.8330000000000837,3634.615,5.285285714285237,687.6856231586966
2025-11-11 10:03:00,2025-11-11 10:23:00,4137.815,4143.100285714285,long,5.285285714285237,5.285285714285237,0.0,TP Hit,20.0,0.4499999999998181,6.0700000000006185,5.285285714285237,1.0
2025-11-12 02:10:00,2025-11-12 02:34:00,4232.405,4227.1197142857145,long,-5.285285714285237,-5.285285714285237,0.0,SL Hit,24.0,5.759999999999309,1.6599999999998545,5.285285714285237,-1.0
2025-11-12 02:35:00,2025-11-12 03:07:00,4224.735,4219.449714285714,long,-5.285285714285237,-5.285285714285237,0.0,SL Hit,32.0,5.289999999999964,3.240000000000691,5.285285714285237,-1.0
2025-11-12 18:57:00,2025-11-12 19:00:00,4271.225,4265.939714285715,long,-5.285285714285237,-5.285285714285237,0.0,SL Hit,3.0,6.740000000000691,0.0,5.285285714285237,-1.0
2025-12-02 01:02:00,2025-12-02 01:19:00,2896.275,2890.989714285715,short,5.285285714285237,5.285285714285237,0.0,TP Hit,17.0,1.2999999999997272,6.920000000000073,5.285285714285237,1.0
2025-12-02 03:08:00,2025-12-02 04:49:00,2889.275,2883.989714285715,long,-5.285285714285237,-5.285285714285237,0.0,SL Hit,101.0,5.380000000000109,2.230000000000018,5.285285714285237,-1.0
2025-12-02 11:35:00,2025-12-02 11:59:00,2884.715,2879.429714285715,short,5.285285714285237,5.285285714285237,0.0,TP Hit,24.0,1.099999999999909,5.55600000000004,5.285285714285237,1.0
2025-12-02 18:04:00,2025-12-02 19:19:00,2900.795,2895.509714285715,long,-5.285285714285237,-5.285285714285237,0.0,SL Hit,75.0,5.480000000000018,2.819999999999709,5.285285714285237,-1.0
2025-12-02 19:56:00,2025-12-02 21:51:00,2898.545,2903.8302857142853,short,-5.285285714285237,-5.285285714285237,0.0,SL Hit,115.0,5.579999999999927,3.2400000000002365,5.285285714285237,-1.0
2025-12-03 03:51:00,2025-12-03 07:00:00,2916.028,2910.7427142857146,long,-5.285285714285237,-5.285285714285237,0.0,SL Hit,189.0,5.4229999999997744,5.007000000000062,5.285285714285237,-1.0
2025-12-03 09:41:00,2025-12-03 12:32:00,2916.0,2921.2852857142852,long,5.285285714285237,5.285285714285237,0.0,TP Hit,171.0,4.065000000000055,7.025000000000091,5.285285714285237,1.0
2025-12-03 17:59:00,2025-12-03 20:20:00,2935.965,2930.679714285715,long,-5.285285714285237,-5.285285714285237,0.0,SL Hit,141.0,5.309999999999945,1.2829999999999018,5.285285714285237,-1.0
2025-12-05 04:33:00,2025-12-05 05:26:00,3277.285,3271.9997142857146,long,-5.285285714285237,-5.285285714285237,0.0,SL Hit,53.0,5.489999999999782,2.200000000000273,5.285285714285237,-1.0
2025-12-05 11:06:00,2025-12-05 11:38:00,3221.035,3215.7497142857146,short,5.285285714285237,5.285285714285237,0.0,TP Hit,32.0,2.9700000000002547,6.329999999999927,5.285285714285237,1.0
2025-12-05 18:47:00,2025-12-05 19:03:00,3226.165,3231.450285714285,short,-5.285285714285237,-5.285285714285237,0.0,SL Hit,16.0,5.380000000000109,0.36000000000012733,5.285285714285237,-1.0
2025-12-06 08:26:00,2025-12-06 09:48:00,3358.898,3364.1832857142854,short,-5.285285714285237,-5.285285714285237,0.0,SL Hit,82.0,7.126999999999953,3.7530000000001564,5.285285714285237,-1.0
2025-12-06 11:37:00,2025-12-06 12:06:00,3375.145,3380.430285714285,long,5.285285714285237,5.285285714285237,0.0,TP Hit,29.0,2.1970000000001164,5.449999999999818,5.285285714285237,1.0
2025-12-06 20:27:00,2025-12-06 21:00:00,3386.048,0.0,long,-3386.048,-3386.048,0.0,SL Hit,33.0,3386.048,0.5470000000000255,5.285285714285237,-640.6556207260626
2025-12-08 00:00:00,2025-12-08 00:38:00,3348.298,3353.583285714285,long,5.285285714285237,5.285285714285237,0.0,TP Hit,38.0,1.0499999999997272,5.397000000000389,5.285285714285237,1.0
2025-12-09 05:28:00,2025-12-09 07:42:00,3653.415,3648.1297142857147,long,-5.285285714285237,-5.285285714285237,0.0,SL Hit,134.0,5.519999999999982,2.130000000000109,5.285285714285237,-1.0
2025-12-09 16:32:00,2025-12-09 20:14:00,3646.925,3641.639714285715,short,5.285285714285237,5.285285714285237,0.0,TP Hit,222.0,3.6299999999996544,5.400000000000091,5.285285714285237,1.0
2025-12-11 02:35:00,2025-12-11 02:41:00,4127.555,4122.269714285715,long,-5.285285714285237,-5.285285714285237,0.0,SL Hit,6.0,6.970000000000255,1.3099999999994907,5.285285714285237,-1.0
2025-12-11 02:42:00,2025-12-11 03:06:00,4122.445,4117.1597142857145,long,-5.285285714285237,-5.285285714285237,0.0,SL Hit,24.0,6.11699999999928,3.680000000000291,5.285285714285237,-1.0
2025-12-11 07:42:00,2025-12-11 08:18:00,4115.225,4120.510285714286,long,5.285285714285237,5.285285714285237,0.0,TP Hit,36.0,3.2100000000000364,6.219999999999345,5.285285714285237,1.0
2025-12-11 13:00:00,2025-12-11 13:10:00,4128.405,4123.1197142857145,long,-5.285285714285237,-5.285285714285237,0.0,SL Hit,10.0,5.9099999999998545,2.869999999999891,5.285285714285237,-1.0
2025-12-11 18:04:00,2025-12-11 18:10:00,4192.339,4197.624285714285,long,5.285285714285237,5.285285714285237,0.0,TP Hit,6.0,0.7200000000002547,5.880000000000109,5.285285714285237,1.0
2025-12-11 19:11:00,2025-12-11 19:14:00,4199.889,4194.603714285715,long,-5.285285714285237,-5.285285714285237,0.0,SL Hit,3.0,6.081000000000131,0.22999999999956344,5.285285714285237,-1.0
2025-12-12 17:49:00,2025-12-12 18:12:00,4296.385,4301.6702857142855,short,-5.285285714285237,-5.285285714285237,0.0,SL Hit,23.0,6.420000000000073,4.760000000000218,5.285285714285237,-1.0
2026-02-01 02:50:00,2026-02-01 02:59:00,4357.485,4362.770285714285,short,-5.285285714285237,-5.285285714285237,0.0,SL Hit,9.0,5.430000000000291,0.02999999999974534,5.285285714285237,-1.0
2026-02-01 03:00:00,2026-02-01 03:10:00,4362.205,4367.490285714285,short,-5.285285714285237,-5.285285714285237,0.0,SL Hit,10.0,5.300000000000182,0.42000000000007276,5.285285714285237,-1.0
2026-02-02 01:07:00,2026-02-02 01:08:00,4697.298,4692.0127142857145,long,-5.285285714285237,-5.285285714285237,0.0,SL Hit,1.0,6.822999999999411,16.25,5.285285714285237,-1.0
2026-02-02 01:09:00,2026-02-02 01:10:00,4653.965,4648.679714285715,long,-5.285285714285237,-5.285285714285237,0.0,SL Hit,1.0,70.86700000000019,5.0,5.285285714285237,-1.0
2026-02-02 01:11:00,2026-02-02 01:12:00,4613.838,4608.5527142857145,long,-5.285285714285237,-5.285285714285237,0.0,SL Hit,1.0,26.052999999999884,17.48700000000008,5.285285714285237,-1.0
2026-02-02 07:03:00,2026-02-02 07:04:00,4535.545,4530.259714285715,short,5.285285714285237,5.285285714285237,0.0,TP Hit,1.0,0.8900000000003274,8.436999999999898,5.285285714285237,1.0
2026-02-02 07:09:00,2026-02-02 07:10:00,4552.348,4547.062714285715,short,5.285285714285237,5.285285714285237,0.0,TP Hit,1.0,1.300000000000182,17.313000000000102,5.285285714285237,1.0
2026-02-02 10:27:00,2026-02-02 10:29:00,4669.965,4675.250285714285,long,5.285285714285237,5.285285714285237,0.0,TP Hit,2.0,0.3900000000003274,15.470000000000255,5.285285714285237,1.0
2026-02-02 10:37:00,2026-02-02 10:38:00,4667.875,4673.160285714285,long,5.285285714285237,5.285285714285237,0.0,TP Hit,1.0,0.38000000000010914,15.273000000000138,5.285285714285237,1.0
2026-02-02 13:01:00,2026-02-02 13:02:00,4738.665,4733.379714285715,long,-5.285285714285237,-5.285285714285237,0.0,SL Hit,1.0,19.269999999999527,9.640000000000327,5.285285714285237,-1.0
2026-03-02 02:12:00,2026-03-02 02:13:00,4798.065,4792.779714285714,long,-5.285285714285237,-5.285285714285237,0.0,SL Hit,1.0,7.286999999999352,5.32300000000032,5.285285714285237,-1.0
2026-03-02 02:15:00,2026-03-02 02:16:00,4791.045,4785.759714285715,long,-5.285285714285237,-5.285285714285237,0.0,SL Hit,1.0,7.369999999999891,2.019999999999527,5.285285714285237,-1.0
2026-03-02 02:17:00,2026-03-02 02:18:00,4784.805,4779.519714285715,long,-5.285285714285237,-5.285285714285237,0.0,SL Hit,1.0,15.030000000000655,1.2299999999995634,5.285285714285237,-1.0
2026-03-02 08:59:00,2026-03-02 09:00:00,4912.125,4917.410285714285,long,5.285285714285237,5.285285714285237,0.0,TP Hit,1.0,0.6159999999999854,8.699999999999818,5.285285714285237,1.0
2026-04-01 23:00:00,2026-04-01 23:02:00,4353.148,4347.862714285715,long,-5.285285714285237,-5.285285714285237,0.0,SL Hit,2.0,8.722999999999956,0.9070000000001528,5.285285714285237,-1.0
2026-04-01 23:03:00,2026-04-01 23:05:00,4351.255,4356.540285714285,long,5.285285714285237,5.285285714285237,0.0,TP Hit,2.0,1.1570000000001528,5.979999999999563,5.285285714285237,1.0
2026-04-01 23:06:00,2026-04-01 23:09:00,4353.415,4358.700285714285,long,5.285285714285237,5.285285714285237,0.0,TP Hit,3.0,4.567000000000007,5.432999999999993,5.285285714285237,1.0
2026-04-01 23:10:00,2026-04-01 23:12:00,4362.555,4367.8402857142855,long,5.285285714285237,5.285285714285237,0.0,TP Hit,2.0,1.5,5.819999999999709,5.285285714285237,1.0
2026-04-01 23:13:00,2026-04-01 23:16:00,4369.355,4364.069714285714,long,-5.285285714285237,-5.285285714285237,0.0,SL Hit,3.0,5.4399999999996,2.6700000000000728,5.285285714285237,-1.0
2026-04-01 23:17:00,2026-04-01 23:32:00,4365.715,4360.429714285715,long,-5.285285714285237,-5.285285714285237,0.0,SL Hit,15.0,5.5600000000004,2.7299999999995634,5.285285714285237,-1.0
2026-04-01 23:33:00,2026-04-01 23:46:00,4358.665,4363.950285714285,long,5.285285714285237,5.285285714285237,0.0,TP Hit,13.0,4.619999999999891,7.239999999999782,5.285285714285237,1.0
2026-04-02 05:35:00,2026-04-02 05:39:00,5071.208,5076.493285714285,long,5.285285714285237,5.285285714285237,0.0,TP Hit,4.0,2.3530000000000655,6.106999999999971,5.285285714285237,1.0
2026-04-02 11:56:00,2026-04-02 12:09:00,5049.895,5044.609714285715,short,5.285285714285237,5.285285714285237,0.0,TP Hit,13.0,5.219999999999345,9.390000000000327,5.285285714285237,1.0
2026-05-01 00:00:00,2026-05-01 00:13:00,4374.235,4379.520285714285,long,5.285285714285237,5.285285714285237,0.0,TP Hit,13.0,4.210000000000036,5.450000000000728,5.285285714285237,1.0
2026-05-01 00:14:00,2026-05-01 00:19:00,4377.625,4382.910285714285,long,5.285285714285237,5.285285714285237,0.0,TP Hit,5.0,0.43000000000029104,5.569999999999709,5.285285714285237,1.0
2026-05-01 00:20:00,2026-05-01 00:29:00,4383.495,4388.780285714285,long,5.285285714285237,5.285285714285237,0.0,TP Hit,9.0,1.0299999999997453,5.703000000000429,5.285285714285237,1.0
2026-05-01 00:30:00,2026-05-01 00:33:00,4386.255,4391.540285714285,long,5.285285714285237,5.285285714285237,0.0,TP Hit,3.0,0.0,6.050000000000182,5.285285714285237,1.0
2026-05-01 00:34:00,2026-05-01 00:37:00,4388.415,4393.700285714285,long,5.285285714285237,5.285285714285237,0.0,TP Hit,3.0,1.180000000000291,8.0600000000004,5.285285714285237,1.0
2026-05-01 00:38:00,2026-05-01 00:40:00,4394.048,4388.7627142857145,long,-5.285285714285237,-5.285285714285237,0.0,SL Hit,2.0,8.112999999999374,1.1500000000005457,5.285285714285237,-1.0
2026-05-01 00:41:00,2026-05-01 00:59:00,4388.835,4394.120285714285,long,5.285285714285237,5.285285714285237,0.0,TP Hit,18.0,4.186999999999898,7.029999999999745,5.285285714285237,1.0
2026-05-01 02:30:00,2026-05-01 02:45:00,4404.645,4399.359714285715,short,5.285285714285237,5.285285714285237,0.0,TP Hit,15.0,2.0029999999997017,5.8700000000008,5.285285714285237,1.0
2026-05-01 03:04:00,2026-05-01 03:27:00,4411.415,4406.129714285715,short,5.285285714285237,5.285285714285237,0.0,TP Hit,23.0,2.4600000000000364,5.449999999999818,5.285285714285237,1.0
2026-05-01 11:05:00,2026-05-01 11:25:00,4430.625,4425.339714285715,long,-5.285285714285237,-5.285285714285237,0.0,SL Hit,20.0,7.8270000000002256,2.7899999999999636,5.285285714285237,-1.0
2026-05-01 13:06:00,2026-05-01 13:08:00,4418.555,4413.269714285715,short,5.285285714285237,5.285285714285237,0.0,TP Hit,2.0,0.049999999999272404,8.817000000000007,5.285285714285237,1.0
2026-05-01 17:01:00,2026-05-01 17:05:00,4437.745,4432.459714285715,long,-5.285285714285237,-5.285285714285237,0.0,SL Hit,4.0,5.649999999999636,3.1099999999996726,5.285285714285237,-1.0
2026-05-02 01:12:00,2026-05-02 01:13:00,4978.245,4972.959714285715,long,-5.285285714285237,-5.285285714285237,0.0,SL Hit,1.0,5.529999999999745,3.75,5.285285714285237,-1.0
2026-05-02 01:14:00,2026-05-02 01:15:00,4967.615,4962.3297142857145,long,-5.285285714285237,-5.285285714285237,0.0,SL Hit,1.0,17.027000000000044,5.3100000000004,5.285285714285237,-1.0
2026-05-02 01:16:00,2026-05-02 01:17:00,4949.738,4955.0232857142855,long,5.285285714285237,5.285285714285237,0.0,TP Hit,1.0,1.243000000000393,11.596999999999753,5.285285714285237,1.0
2026-05-02 01:18:00,2026-05-02 01:19:00,4955.855,4950.569714285714,long,-5.285285714285237,-5.285285714285237,0.0,SL Hit,1.0,12.1899999999996,0.3930000000000291,5.285285714285237,-1.0
2026-05-02 01:20:00,2026-05-02 01:21:00,4944.869,4939.583714285714,long,-5.285285714285237,-5.285285714285237,0.0,SL Hit,1.0,5.59099999999944,5.386000000000422,5.285285714285237,-1.0
2026-05-02 01:25:00,2026-05-02 01:26:00,4942.245,4936.959714285715,long,-5.285285714285237,-5.285285714285237,0.0,SL Hit,1.0,7.029999999999745,8.63000000000011,5.285285714285237,-1.0
2026-05-02 02:05:00,2026-05-02 02:07:00,4942.525,4937.239714285714,long,-5.285285714285237,-5.285285714285237,0.0,SL Hit,2.0,11.05999999999949,5.190000000000509,5.285285714285237,-1.0
2026-05-02 02:14:00,2026-05-02 02:15:00,4914.295,4909.009714285715,long,-5.285285714285237,-5.285285714285237,0.0,SL Hit,1.0,21.19000000000051,6.779999999999745,5.285285714285237,-1.0
2026-05-02 02:16:00,2026-05-02 02:17:00,4897.225,4902.510285714286,long,5.285285714285237,5.285285714285237,0.0,TP Hit,1.0,1.3800000000001091,17.670000000000073,5.285285714285237,1.0
2026-05-02 07:40:00,2026-05-02 07:42:00,4903.165,4897.879714285715,long,-5.285285714285237,-5.285285714285237,0.0,SL Hit,2.0,7.779999999999745,0.6400000000003274,5.285285714285237,-1.0
2026-06-01 00:00:00,2026-06-01 00:31:00,4438.315,4443.600285714285,long,5.285285714285237,5.285285714285237,0.0,TP Hit,31.0,2.1299999999991996,6.233000000000175,5.285285714285237,1.0
2026-06-01 00:32:00,2026-06-01 00:40:00,4437.598,4432.312714285715,long,-5.285285714285237,-5.285285714285237,0.0,SL Hit,8.0,7.609999999999673,1.1469999999999345,5.285285714285237,-1.0
2026-06-01 00:41:00,2026-06-01 01:00:00,4433.105,4438.390285714285,long,5.285285714285237,5.285285714285237,0.0,TP Hit,19.0,0.47999999999956344,6.890000000000327,5.285285714285237,1.0
2026-06-01 01:02:00,2026-06-01 01:06:00,4430.885,4436.1702857142855,long,5.285285714285237,5.285285714285237,0.0,TP Hit,4.0,3.1599999999998545,5.809999999999491,5.285285714285237,1.0
2026-06-02 19:12:00,2026-06-02 19:17:00,4955.195,4960.480285714285,long,5.285285714285237,5.285285714285237,0.0,TP Hit,5.0,0.13999999999941792,5.4099999999998545,5.285285714285237,1.0
2026-07-01 09:07:00,2026-07-01 09:11:00,4460.195,4465.480285714285,long,5.285285714285237,5.285285714285237,0.0,TP Hit,4.0,0.9799999999995634,6.200000000000728,5.285285714285237,1.0
2026-08-01 18:07:00,2026-08-01 18:28:00,4455.815,4450.529714285714,long,-5.285285714285237,-5.285285714285237,0.0,SL Hit,21.0,6.719999999999345,0.4600000000000364,5.285285714285237,-1.0
2026-09-01 00:00:00,2026-09-01 00:20:00,4474.955,4469.669714285715,long,-5.285285714285237,-5.285285714285237,0.0,SL Hit,20.0,5.350000000000364,1.3500000000003638,5.285285714285237,-1.0
2026-09-01 00:21:00,2026-09-01 00:27:00,4469.735,4464.449714285714,long,-5.285285714285237,-5.285285714285237,0.0,SL Hit,6.0,6.149999999999636,0.2000000000007276,5.285285714285237,-1.0
2026-09-01 00:28:00,2026-09-01 01:04:00,4463.955,4458.669714285715,long,-5.285285714285237,-5.285285714285237,0.0,SL Hit,36.0,5.819999999999709,4.460000000000036,5.285285714285237,-1.0
2026-09-01 01:05:00,2026-09-01 01:43:00,4457.035,4462.320285714285,long,5.285285714285237,5.285285714285237,0.0,TP Hit,38.0,4.449999999999818,5.480000000000473,5.285285714285237,1.0
2026-09-01 01:46:00,2026-09-01 02:00:00,4465.305,4470.5902857142855,short,-5.285285714285237,-5.285285714285237,0.0,SL Hit,14.0,7.219999999999345,3.1599999999998545,5.285285714285237,-1.0
2026-09-01 02:01:00,2026-09-01 02:32:00,4473.685,4468.399714285715,short,5.285285714285237,5.285285714285237,0.0,TP Hit,31.0,2.6099999999996726,5.587000000000444,5.285285714285237,1.0
2026-09-01 07:25:00,2026-09-01 08:06:00,4469.295,4474.580285714285,long,5.285285714285237,5.285285714285237,0.0,TP Hit,41.0,3.149999999999636,5.519999999999527,5.285285714285237,1.0
2026-09-01 18:34:00,2026-09-01 18:50:00,4500.815,4495.529714285714,short,5.285285714285237,5.285285714285237,0.0,TP Hit,16.0,3.490000000000691,5.4299999999993815,5.285285714285237,1.0
2026-09-02 08:06:00,2026-09-02 08:17:00,5020.445,5025.730285714285,short,-5.285285714285237,-5.285285714285237,0.0,SL Hit,11.0,10.460000000000036,4.259999999999309,5.285285714285237,-1.0
2026-09-02 17:45:00,2026-09-02 17:49:00,5058.285,5063.570285714285,long,5.285285714285237,5.285285714285237,0.0,TP Hit,4.0,1.1599999999998545,5.579999999999927,5.285285714285237,1.0
2026-11-01 23:00:00,2026-11-01 23:01:00,4522.098,4516.812714285715,long,-5.285285714285237,-5.285285714285237,0.0,SL Hit,1.0,10.199999999999818,0.0,5.285285714285237,-1.0
2026-11-01 23:02:00,2026-11-01 23:04:00,4514.598,4519.883285714285,long,5.285285714285237,5.285285714285237,0.0,TP Hit,2.0,0.0,6.766999999999825,5.285285714285237,1.0
2026-11-01 23:05:00,2026-11-01 23:07:00,4523.098,4528.383285714285,long,5.285285714285237,5.285285714285237,0.0,TP Hit,2.0,0.6000000000003638,5.300000000000182,5.285285714285237,1.0
2026-11-01 23:08:00,2026-11-01 23:14:00,4524.798,4530.083285714285,long,5.285285714285237,5.285285714285237,0.0,TP Hit,6.0,2.5900000000001455,5.787000000000262,5.285285714285237,1.0
2026-11-01 23:15:00,2026-11-01 23:22:00,4529.285,4534.570285714285,long,5.285285714285237,5.285285714285237,0.0,TP Hit,7.0,0.13000000000010914,5.480000000000473,5.285285714285237,1.0
2026-11-01 23:23:00,2026-11-01 23:41:00,4533.948,4539.233285714286,long,5.285285714285237,5.285285714285237,0.0,TP Hit,18.0,1.0230000000001382,8.686999999999898,5.285285714285237,1.0
2026-12-01 09:50:00,2026-12-01 11:25:00,4590.185,4584.899714285715,long,-5.285285714285237,-5.285285714285237,0.0,SL Hit,95.0,6.450000000000728,4.960000000000036,5.285285714285237,-1.0
2026-12-01 14:03:00,2026-12-01 14:04:00,4598.945,4604.230285714285,long,5.285285714285237,5.285285714285237,0.0,TP Hit,1.0,0.9399999999995998,5.440000000000509,5.285285714285237,1.0
2026-12-01 14:09:00,2026-12-01 14:10:00,4598.245,4592.959714285715,long,-5.285285714285237,-5.285285714285237,0.0,SL Hit,1.0,6.039999999999964,0.0,5.285285714285237,-1.0
2026-12-01 14:12:00,2026-12-01 14:25:00,4595.065,4589.779714285714,long,-5.285285714285237,-5.285285714285237,0.0,SL Hit,13.0,7.619999999999891,4.3200000000006185,5.285285714285237,-1.0
2026-12-01 16:38:00,2026-12-01 16:40:00,4614.425,4609.139714285715,long,-5.285285714285237,-5.285285714285237,0.0,SL Hit,2.0,6.8270000000002256,0.9399999999995998,5.285285714285237,-1.0
2026-12-01 21:59:00,2026-12-01 22:00:00,4598.545,0.0,short,4598.545,4598.545,0.0,TP Hit,1.0,0.0,4598.545,5.285285714285237,870.0655458551479
